Agender,80,20
Genderfluid,75,25
Genderqueer,80,20
Man,59.76,40.1691332
Woman,89.6,10.3448276
